Rank,Player,Team,2019-20,2020-21,2021-22,Signed Using,Guaranteed
1,stephen curry\curryst01,gsw,40231758.0,43006362.0,45780966.0,bird rights,129019086.0
2,chris paul\paulch01,okc,38506482.0,41358814.0,44211146.0,bird rights,79865296.0
3,russell westbrook\westbru01,hou,38178000.0,41006000.0,43848000.0,bird rights,123032000.0
4,john wall\walljo01,was,37800000.0,40824000.0,43848000.0,bird rights,122472000.0
5,james harden\hardeja01,hou,37800000.0,40824000.0,43848000.0,bird rights,122472000.0
6,lebron james\jamesle01,lal,37436858.0,39219565.0,41002273.0,cap space,76656423.0
7,kevin durant\duranke01,brk,37199000.0,39058950.0,40918900.0,sign and trade,117176850.0
8,blake griffin\griffbl01,det,34234964.0,36595996.0,38957028.0,bird rights,70830960.0
9,kyle lowry\lowryky01,tor,33296296.0,30000000.0,11534705.223300971,bird rights,63296296.0
10,paul george\georgpa01,lac,33005556.0,35450412.0,37895268.0,maximum salary,68455968.0
11,klay thompson\thompkl01,gsw,32742000.0,35361360.0,37980720.0,bird rights,189903600.0
12,jimmy butler\butleji01,mia,32742000.0,34379100.0,36016200.0,sign and trade,103137300.0
13,kemba walker\walkeke02,bos,32742000.0,34379100.0,36016200.0,sign and trade,103137300.0
14,kawhi leonard\leonaka01,lac,32742000.0,34379100.0,36016200.0,cap space,67121100.0
15,gordon hayward\haywago01,bos,32700690.0,34187085.0,11534705.223300971,cap space,32700690.0
16,mike conley\conlemi01,uta,32511623.0,34504132.0,11534705.223300971,cap space,54938006.0
17,kyrie irving\irvinky01,brk,31742000.0,33329100.0,34916200.0,cap space,136490600.0
18,tobias harris\harrito02,phi,31034483.0,33517241.0,36000000.0,bird rights,180000000.0
19,khris middleton\middlkh01,mil,30603448.0,33051724.0,35500000.0,bird rights,137103448.0
20,paul millsap\millspa01,den,30500000.0,9384835.395415472,11534705.223300971,cap space,30500000.0
21,damian lillard\lillada01,por,29802321.0,31626953.0,43750000.0,1st round pick,257429274.0
22,kevin love\loveke01,cle,28900000.0,31300000.0,31300000.0,bird rights,120400000.0
23,nikola vučević\vucevni01,orl,28000000.0,26000000.0,24000000.0,bird rights,100000000.0
24,al horford\horfoal01,phi,28000000.0,27500000.0,27000000.0,cap space,97000000.0
25,demar derozan\derozde01,sas,27739975.0,27739975.0,11534705.223300971,cap space,27739975.0
26,cj mccollum\mccolcj01,por,27556959.0,29354152.0,30864198.0,1st round pick,156911111.0
27,joel embiid\embiijo01,phi,27504630.0,29542010.0,31579390.0,1st round pick,122242800.0
28,andrew wiggins\wiggian01,gsw,27504630.0,29542010.0,31579390.0,1st round pick,122242800.0
29,kristaps porziņģis\porzikr01,dal,27285000.0,29467800.0,31650600.0,bird rights,122236800.0
30,d'angelo russell\russeda01,min,27285000.0,28649250.0,30013500.0,sign and trade,117325500.0
31,otto porter\porteot01,chi,27250576.0,28489239.0,11534705.223300971,bird rights,27250576.0
32,devin booker\bookede01,pho,27250000.0,29430000.0,31610000.0,1st round pick,158050000.0
33,karl-anthony towns\townska01,min,27250000.0,29430000.0,31610000.0,1st round pick,155870000.0
34,bradley beal\bealbr01,was,27093019.0,28751775.0,34502130.0,cap space,90346924.0
35,anthony davis\davisan02,lal,27093019.0,28751775.0,11534705.223300971,1st round pick,27093019.0
36,andre drummond\drumman01,cle,27093019.0,28751775.0,11534705.223300971,cap space,27093019.0
37,hassan whiteside\whiteha01,por,27093018.0,9384835.395415472,11534705.223300971,cap space,27093018.0
38,nikola jokić\jokicni01,den,26573595.0,28542009.0,30510423.0,bird rights,118104864.0
39,jrue holiday\holidjr01,nop,26131111.0,26131111.0,27020000.0,bird rights,52262222.0
40,lamarcus aldridge\aldrila01,sas,26000000.0,24000000.0,11534705.223300971,cap space,50000000.0
41,steven adams\adamsst01,okc,25842697.0,27528090.0,11534705.223300971,1st round pick,53370787.0
42,giannis antetokounmpo\antetgi01,mil,25842697.0,27528090.0,11534705.223300971,1st round pick,53370787.0
43,marc gasol\gasolma01,tor,25595700.0,9384835.395415472,11534705.223300971,bird rights,25595700.0
44,nicolas batum\batumni01,cho,25565217.0,27130434.0,11534705.223300971,cap space,25565217.0
45,chandler parsons\parsoch01,atl,25102511.0,9384835.395415472,11534705.223300971,1st round pick,25102511.0
46,rudy gobert\goberru01,uta,25008427.0,26525281.0,11534705.223300971,1st round pick,51533708.0
47,harrison barnes\barneha02,sac,24147727.0,22215909.0,20284091.0,bird rights,85000000.0
48,serge ibaka\ibakase01,tor,23271604.0,9384835.395415472,11534705.223300971,cap space,23271604.0
49,danilo gallinari\gallida01,okc,22615559.0,9384835.395415472,11534705.223300971,sign and trade,22615559.0
50,victor oladipo\oladivi01,ind,21000000.0,21000000.0,11534705.223300971,1st round pick,42000000.0
51,malcolm brogdon\brogdma01,ind,20000000.0,20700000.0,21700000.0,sign and trade,85000000.0
52,terry rozier\roziete01,cho,19894737.0,18900000.0,17905263.0,sign and trade,56700000.0
53,aaron gordon\gordoaa01,orl,19863636.0,18136364.0,16409091.0,bird rights,54409091.0
54,zach lavine\lavinza01,chi,19500000.0,19500000.0,19500000.0,cap space,58500000.0
55,kent bazemore\bazemke01,sac,19269662.0,9384835.395415472,11534705.223300971,cap space,19269662.0
56,tyler johnson\johnsty01,pho,19245370.0,9384835.395415472,11534705.223300971,1st round pick,19245370.0
57,goran dragić\dragigo01,mia,19217900.0,9384835.395415472,11534705.223300971,bird rights,19217900.0
58,jeff teague\teaguje01,atl,19000000.0,9384835.395415472,11534705.223300971,cap space,19000000.0
59,evan turner\turneev01,min,18606557.0,9384835.395415472,11534705.223300971,cap space,18606557.0
60,draymond green\greendr01,gsw,18539130.0,22246956.0,24026712.0,bird rights,90619267.0
61,tristan thompson\thomptr01,cle,18539130.0,9384835.395415472,11534705.223300971,bird rights,18539130.0
62,tim hardaway\hardati02,dal,18150000.0,18975000.0,11534705.223300971,cap space,18150000.0
63,myles turner\turnemy01,ind,18000000.0,18000000.0,18000000.0,1st round pick,72000000.0
64,julius randle\randlju01,nyk,18000000.0,18900000.0,19800000.0,cap space,40900000.0
65,gary harris\harriga01,den,17839286.0,19160714.0,20482143.0,1st round pick,57482143.0
66,allen crabbe\crabbal01,min,17818456.0,9384835.395415472,11534705.223300971,1st round pick,17818456.0
67,derrick favors\favorde01,nop,17650000.0,9384835.395415472,11534705.223300971,bird rights,17650000.0
68,reggie jackson\jacksre01,det,17286956.0,9384835.395415472,11534705.223300971,1st round pick,17286956.0
69,andre iguodala\iguodan01,mia,17185185.0,15000000.0,15000000.0,bird rights,32185185.0
70,bojan bogdanović\bogdabo02,uta,17000000.0,17850000.0,18700000.0,cap space,73100000.0
71,evan fournier\fournev01,orl,17000000.0,17000000.0,11534705.223300971,cap space,17000000.0
72,bismack biyombo\biyombi01,cho,17000000.0,9384835.395415472,11534705.223300971,cap space,17000000.0
73,clint capela\capelca01,atl,16456522.0,17500000.0,18543478.0,bird rights,72086957.0
74,gorgui dieng\dienggo01,mem,16229213.0,17287640.0,11534705.223300971,1st round pick,33516853.0
75,ricky rubio\rubiori01,pho,16190476.0,17000000.0,17809524.0,cap space,51000000.0
76,jonas valančiūnas\valanjo01,mem,16000000.0,15000000.0,14000000.0,bird rights,45000000.0
77,brandon knight\knighbr03,det,15643750.0,9384835.395415472,11534705.223300971,bird rights,15643750.0
78,eric bledsoe\bledser01,mil,15625000.0,16875000.0,18125000.0,bird rights,54525000.0
79,kelly oubre\oubreke01,pho,15625000.0,14375000.0,11534705.223300971,bird rights,30000000.0
80,dennis schröder\schrode01,okc,15500000.0,15500000.0,11534705.223300971,1st round pick,31000000.0
81,ian mahinmi\mahinia01,was,15450051.0,9384835.395415472,11534705.223300971,cap space,15450051.0
82,james johnson\johnsja01,min,15349400.0,16047100.0,11534705.223300971,cap space,15349400.0
83,marvin williams\willima02,cho,15006250.0,9384835.395415472,11534705.223300971,1st round pick,15006250.0
84,bobby portis\portibo01,nyk,15000000.0,15750000.0,11534705.223300971,cap space,15000000.0
85,marcus morris\morrima03,lac,15000000.0,9384835.395415472,11534705.223300971,cap space,15000000.0
86,danny green\greenda02,lal,14634146.0,15365854.0,11534705.223300971,cap space,30000000.0
87,cody zeller\zelleco01,cho,14471910.0,15415730.0,11534705.223300971,1st round pick,29887640.0
88,eric gordon\gordoer01,hou,14057730.0,16869276.0,18218818.0,cap space,68714184.0
89,mason plumlee\plumlma01,den,14041096.0,9384835.395415472,11534705.223300971,cap space,14041096.0
90,rudy gay\gayru01,sas,14000000.0,14000000.0,11534705.223300971,early bird rights,28000000.0
91,j.j. redick\redicjj01,nop,13486300.0,13013700.0,11534705.223300971,cap space,26500000.0
92,jordan clarkson\clarkjo01,uta,13437500.0,9384835.395415472,11534705.223300971,cap space,13437500.0
93,dewayne dedmon\dedmode01,atl,13333334.0,13333333.0,13333333.0,cap space,40000000.0
94,solomon hill\hillso01,mia,13258781.0,9384835.395415472,11534705.223300971,cap space,13258781.0
95,justise winslow\winslju01,mem,13000000.0,13000000.0,13000000.0,1st round pick,26000000.0
96,michael kidd-gilchrist\kiddgmi01,cho,13000000.0,9384835.395415472,11534705.223300971,1st round pick,13000000.0
97,will barton\bartowi01,den,12960000.0,13920000.0,14880000.0,bird rights,26880000.0
98,thaddeus young\youngth01,chi,12900000.0,13545000.0,14190000.0,cap space,32445000.0
99,courtney lee\leeco01,dal,12759670.0,9384835.395415472,11534705.223300971,cap space,12759670.0
100,larry nance\nancela02,cle,12727273.0,11709091.0,10690909.0,1st round pick,44800000.0
101,marcus smart\smartma01,bos,12553471.0,13446428.0,14339285.0,bird rights,40339184.0
102,terrence ross\rosste01,orl,12500000.0,13500000.0,12500000.0,bird rights,50000000.0
103,miles plumlee\plumlmi01,mem,12500000.0,9384835.395415472,11534705.223300971,1st round pick,12500000.0
104,patty mills\millspa02,sas,12428571.0,13285714.0,11534705.223300971,bird rights,25714285.0
105,patrick beverley\beverpa01,lac,12345679.0,13333333.0,14320988.0,bird rights,40000000.0
106,trevor ariza\arizatr01,por,12200000.0,12800000.0,11534705.223300971,cap space,14000000.0
107,dion waiters\waitedi01,mem,12100000.0,12650000.0,11534705.223300971,1st round pick,24750000.0
108,brook lopez\lopezbr01,mil,12093024.0,12697675.0,13302325.0,cap space,52000000.0
109,jusuf nurkić\nurkiju01,por,12000000.0,12000000.0,12000000.0,bird rights,28000000.0
110,cory joseph\josepco01,sac,12000000.0,12600000.0,12600000.0,cap space,24600000.0
111,joe ingles\inglejo01,uta,11954546.0,10863637.0,14000000.0,bird rights,36818183.0
112,kelly olynyk\olynyke01,mia,11667885.0,12198243.0,11534705.223300971,cap space,11667885.0
113,maurice harkless\harklma01,nyk,11511234.0,9384835.395415472,11534705.223300971,cap space,11511234.0
114,tony snell\snellto01,det,11392857.0,12178571.0,11534705.223300971,cap space,11392857.0
115,robert covington\covinro01,hou,11301219.0,12138345.0,12975471.0,cap space,36415035.0
116,meyers leonard\leoname01,mia,11286515.0,9384835.395415472,11534705.223300971,cap space,11286515.0
117,t.j. warren\warretj01,ind,10810000.0,11750000.0,12690000.0,1st round pick,35250000.0
118,andre roberson\roberan03,okc,10740741.0,9384835.395415472,11534705.223300971,bird rights,10740741.0
119,spencer dinwiddie\dinwisp01,brk,10600000.0,11400000.0,12300000.0,minimum salary,22000000.0
120,jeremy lamb\lambje01,ind,10500000.0,10500000.0,10500000.0,cap space,31500000.0
121,dwight powell\poweldw01,dal,10259375.0,10185185.0,11000000.0,cap space,43259375.0
122,norman powell\powelno01,tor,10116576.0,10865952.0,11615328.0,cap space,20982528.0
123,josh richardson\richajo01,phi,10100000.0,10800000.0,11600000.0,minimum salary,20900000.0
124,tomáš satoranský\satorto01,chi,10000000.0,10000000.0,10000000.0,sign and trade,25000000.0
125,deandre jordan\jordade01,brk,9881598.0,10375678.0,9881598.0,cap space,39960716.0
126,taj gibson\gibsota01,nyk,9800000.0,10290000.0,11534705.223300971,cap space,9800000.0
127,zion williamson\willizi01,nop,9757440.0,10245480.0,10733400.0,1st round pick,20002920.0
128,markelle fultz\fultzma01,orl,9745200.0,12288697.0,11534705.223300971,1st round pick,22033897.0
129,john henson\hensojo01,det,9732396.0,9384835.395415472,11534705.223300971,1st round pick,9732396.0
130,matthew dellavedova\dellama01,cle,9607500.0,9384835.395415472,11534705.223300971,cap space,9607500.0
131,dante exum\exumda01,cle,9600000.0,9600000.0,11534705.223300971,cap space,18200000.0
132,deandre ayton\aytonde01,pho,9562920.0,10018200.0,12632950.0,1st round pick,19581120.0
133,delon wright\wrighde01,dal,9473684.0,9000000.0,8526316.0,sign and trade,27000000.0
134,jerami grant\grantje01,den,9346153.0,9346153.0,11534705.223300971,bird rights,9346153.0
135,al-farouq aminu\aminual01,orl,9258000.0,9720900.0,10183800.0,mle,29162700.0
136,george hill\hillge01,mil,9133907.0,9590602.0,10047297.0,cap space,21000000.0
137,kyle anderson\anderky01,mem,9073050.0,9505100.0,9937150.0,mle,28515300.0
138,fred vanvleet\vanvlfr01,tor,9000000.0,9384835.395415472,11534705.223300971,bird rights,9000000.0
139,ja morant\moranja01,mem,8730240.0,9166800.0,9603360.0,1st round pick,17897040.0
140,c.j. miles\milescj01,was,8730158.0,9384835.395415472,11534705.223300971,1st round pick,8730158.0
141,lonzo ball\balllo01,nop,8719320.0,11003782.0,11534705.223300971,1st round pick,19723102.0
142,e'twaun moore\mooreet01,nop,8664928.0,9384835.395415472,11534705.223300971,cap space,8664928.0
143,marvin bagley\baglema01,sac,8556120.0,8963640.0,11312114.0,1st round pick,17519760.0
144,bogdan bogdanović\bogdabo01,sac,8529386.0,9384835.395415472,11534705.223300971,cap space,8529386.0
145,tyus jones\jonesty01,mem,8408000.0,7965100.0,7522200.0,mle,23895300.0
146,p.j. tucker\tuckepj01,hou,8349039.0,7969537.0,11534705.223300971,mle,16318576.0
147,cristiano felício\feliccr01,chi,8156500.0,7529020.0,11534705.223300971,cap space,15685520.0
148,ben simmons\simmobe01,phi,8113930.0,29250000.0,31590000.0,1st round pick,177763930.0
149,kentavious caldwell-pope\caldwke01,lal,8089282.0,8493746.0,11534705.223300971,cap space,8089282.0
150,maxi kleber\klebima01,dal,8000000.0,8250000.0,8750000.0,early bird rights,25000000.0
151,lou williams\willilo02,lac,8000000.0,8000000.0,11534705.223300971,cap space,16000000.0
152,elfrid payton\paytoel01,nyk,8000000.0,8000000.0,11534705.223300971,cap space,9000000.0
153,thomas bryant\bryanth01,was,7936508.0,8333333.0,8730159.0,early bird rights,25000000.0
154,rj barrett\barrerj01,nyk,7839960.0,8231760.0,8623920.0,1st round pick,16071720.0
155,jayson tatum\tatumja01,bos,7830000.0,9897120.0,11534705.223300971,1st round pick,17727120.0
156,jae crowder\crowdja01,mia,7815533.0,9384835.395415472,11534705.223300971,bird rights,7815533.0
157,wayne ellington\ellinwa01,nyk,7804878.0,8195122.0,11534705.223300971,cap space,7804878.0
158,luka dončić\doncilu01,dal,7683360.0,8049360.0,10174391.0,1st round pick,15732720.0
159,joe harris\harrijo01,brk,7670000.0,9384835.395415472,11534705.223300971,early bird rights,7670000.0
160,seth curry\curryse01,dal,7441860.0,7813953.0,8186047.0,mle,32000000.0
161,doug mcdermott\mcderdo01,ind,7333334.0,7333333.0,11534705.223300971,cap space,14666667.0
162,langston galloway\gallola01,det,7333333.0,9384835.395415472,11534705.223300971,mle,7333333.0
163,derrick rose\rosede01,det,7317073.0,7682927.0,11534705.223300971,mle,15000000.0
164,brandon ingram\ingrabr01,nop,7265485.0,9384835.395415472,11534705.223300971,1st round pick,7265485.0
165,d.j. augustin\augusdj01,orl,7250000.0,9384835.395415472,11534705.223300971,cap space,7250000.0
166,darius miller\milleda01,nop,7250000.0,7000000.0,11534705.223300971,early bird rights,7250000.0
167,de'andre hunter\huntede01,atl,7068360.0,7422000.0,7775400.0,1st round pick,14490360.0
168,josh jackson\jacksjo02,mem,7059480.0,9384835.395415472,11534705.223300971,1st round pick,7059480.0
169,dāvis bertāns\bertada01,was,7000000.0,9384835.395415472,11534705.223300971,early bird rights,7000000.0
170,ersan i̇lyasova\ilyaser01,mil,7000000.0,7000000.0,11534705.223300971,mle,7000000.0
171,jaren jackson\jacksja02,mem,6927480.0,7257360.0,9180560.0,1st round pick,14184840.0
172,demarre carroll\carrode01,sas,6842307.0,6167887.0,1252127.0,1st round pick,14262321.0
173,nemanja bjelica\bjeline01,sac,6825000.0,7150000.0,11534705.223300971,cap space,6825000.0
174,jaylen brown\brownja02,bos,6534829.0,22991071.0,24830357.0,1st round pick,109534829.0
175,jabari parker\parkeja01,sac,6500000.0,6500000.0,11534705.223300971,cap space,6500000.0
176,ivica zubac\zubaciv01,lac,6481482.0,7000000.0,7518518.0,bird rights,21000000.0
177,joakim noah\noahjo01,nyk,6431666.0,6431666.0,6431666.0,1st round pick,19294998.0
178,darius garland\garlada01,cle,6400920.0,6720720.0,7040880.0,1st round pick,13121640.0
179,de'aaron fox\foxde01,sac,6392760.0,8099627.0,11534705.223300971,1st round pick,14492387.0
180,trae young\youngtr01,atl,6273000.0,6571800.0,8326471.0,1st round pick,12844800.0
181,montrezl harrell\harremo01,lac,6000000.0,9384835.395415472,11534705.223300971,bird rights,6000000.0
182,ish smith\smithis01,was,5853659.0,6146341.0,11534705.223300971,mle,12000000.0
183,marco belinelli\belinma01,sas,5846154.0,9384835.395415472,11534705.223300971,mle,5846154.0
184,jarrett culver\culveja01,min,5813640.0,6104280.0,6395160.0,1st round pick,11917920.0
185,jonathan isaac\isaacjo01,orl,5806440.0,7362566.0,11534705.223300971,1st round pick,13169006.0
186,rodney hood\hoodro01,por,5718000.0,6003900.0,11534705.223300971,mle,5718000.0
187,mohamed bamba\bambamo01,orl,5697600.0,5969040.0,7568742.0,1st round pick,11666640.0
188,timofey mozgov\mozgoti01,orl,5573333.0,5573333.0,5573334.0,1st round pick,16720000.0
189,trey lyles\lylestr01,sas,5500000.0,5500000.0,11534705.223300971,mle,5500000.0
190,deron williams\willide01,brk,5474787.0,9384835.395415472,11534705.223300971,1st round pick,5474787.0
191,aron baynes\baynear01,pho,5453280.0,9384835.395415472,11534705.223300971,non-bird exception,5453280.0
192,kris dunn\dunnkr01,chi,5348007.0,9384835.395415472,11534705.223300971,1st round pick,5348007.0
193,josh smith\smithjo03,det,5331729.0,9384835.395415472,11534705.223300971,1st round pick,5331729.0
194,coby white\whiteco01,chi,5307120.0,5572680.0,5837760.0,1st round pick,10879800.0
195,lauri markkanen\markkla01,chi,5300400.0,6731508.0,11534705.223300971,1st round pick,12031908.0
196,ryan anderson\anderry01,mia,5214583.0,5214583.0,5214584.0,1st round pick,15643750.0
197,wendell carter\cartewe01,chi,5201400.0,5448840.0,6920027.0,1st round pick,10650240.0
198,pau gasol\gasolpa01,sas,5100000.0,9384835.395415472,11534705.223300971,1st round pick,5100000.0
199,daniel theis\theisda01,bos,5000000.0,5000000.0,11534705.223300971,early bird rights,5000000.0
200,luol deng\denglu01,lal,4990000.0,4990000.0,4990000.0,1st round pick,14970000.0
201,jaxson hayes\hayesja02,nop,4862040.0,5105160.0,5348280.0,1st round pick,9967200.0
202,buddy hield\hieldbu01,sac,4861208.0,24431818.0,22477273.0,1st round pick,90861208.0
203,frank ntilikina\ntilila01,nyk,4855800.0,6176578.0,11534705.223300971,1st round pick,11032378.0
204,ed davis\davised01,uta,4767000.0,5005350.0,11534705.223300971,room exception,9772350.0
205,richaun holmes\holmeri01,sac,4767000.0,5005350.0,11534705.223300971,room exception,9772350.0
206,frank kaminsky\kaminfr01,pho,4767000.0,5005350.0,11534705.223300971,room exception,9772350.0
207,mike scott\scottmi01,phi,4767000.0,5005350.0,11534705.223300971,room exception,9772350.0
208,avery bradley\bradlav01,lal,4767000.0,5005350.0,11534705.223300971,room exception,9772350.0
209,robin lopez\lopezro01,mil,4767000.0,5005350.0,11534705.223300971,room exception,4767000.0
210,jamychal green\greenja01,lac,4767000.0,5005350.0,11534705.223300971,room exception,4767000.0
211,justin holiday\holidju01,ind,4767000.0,9384835.395415472,11534705.223300971,room exception,4767000.0
212,garrett temple\templga01,brk,4767000.0,5005350.0,11534705.223300971,room exception,4767000.0
213,enes kanter\kanteen01,bos,4767000.0,5005350.0,11534705.223300971,room exception,4767000.0
214,collin sexton\sextoco01,cle,4764960.0,4991880.0,6349671.0,1st round pick,9756840.0
215,rodney mcgruder\mcgruro01,lac,4629630.0,5000000.0,5370370.0,cap space,15000000.0
216,rui hachimura\hachiru01,was,4469160.0,4692840.0,4916160.0,1st round pick,9162000.0
217,kevon looney\looneke01,gsw,4464286.0,4821429.0,5178572.0,bird rights,9285715.0
218,dennis smith\smithde03,nyk,4463640.0,5686677.0,11534705.223300971,1st round pick,10150317.0
219,jamal murray\murraja01,den,4444746.0,29250000.0,31590000.0,1st round pick,174094746.0
220,kevin knox\knoxke01,nyk,4380120.0,4588680.0,5845978.0,1st round pick,8968800.0
221,cam reddish\reddica01,atl,4245720.0,4458000.0,4670160.0,1st round pick,8703720.0
222,zach collins\colliza01,por,4240200.0,5406255.0,11534705.223300971,1st round pick,9646455.0
223,mikal bridges\bridgmi01,pho,4161000.0,4359000.0,5557725.0,1st round pick,8520000.0
224,alex len\lenal01,sac,4160000.0,9384835.395415472,11534705.223300971,room exception,4160000.0
225,cameron johnson\johnsca02,pho,4033440.0,4235160.0,4437000.0,1st round pick,8268600.0
226,malik monk\monkma01,cho,4028400.0,5345687.0,11534705.223300971,1st round pick,9374087.0
227,dorian finney-smith\finnedo01,dal,4000000.0,4000000.0,4000000.0,bird rights,12000000.0
228,javale mcgee\mcgeeja01,lal,4000000.0,4200000.0,11534705.223300971,cap space,8200000.0
229,patrick mccaw\mccawpa01,tor,4000000.0,4000000.0,11534705.223300971,mle,8000000.0
230,reggie bullock\bullore01,nyk,4000000.0,4200000.0,11534705.223300971,room exception,5000000.0
231,shai gilgeous-alexander\gilgesh01,okc,3952920.0,4141320.0,5495532.0,1st round pick,8094240.0
232,nicolò melli\mellini01,nop,3902439.0,4097561.0,11534705.223300971,room exception,8000000.0
233,p.j. washington\washipj01,cho,3831840.0,4023600.0,4215120.0,1st round pick,7855440.0
234,luke kennard\kennalu01,det,3827160.0,5273826.0,11534705.223300971,1st round pick,9100986.0
235,miles bridges\bridgmi02,cho,3755400.0,3934320.0,5421493.0,1st round pick,7689720.0
236,jakob poeltl\poeltja01,sas,3754886.0,9384835.395415472,11534705.223300971,1st round pick,3754886.0
237,tyler herro\herroty01,mia,3640200.0,3822240.0,4004280.0,1st round pick,7462440.0
238,donovan mitchell\mitchdo01,uta,3635760.0,5195501.0,11534705.223300971,1st round pick,8831261.0
239,stanley johnson\johnsst04,tor,3623000.0,3801000.0,11534705.223300971,bi-annual exception,3623000.0
240,jake layman\laymaja01,min,3581986.0,3761085.0,3940184.0,sign and trade,11283255.0
241,thon maker\makerth01,det,3569643.0,9384835.395415472,11534705.223300971,1st round pick,3569643.0
242,jerome robinson\robinje01,was,3567720.0,3737520.0,5340916.0,1st round pick,7305240.0
243,allonzo trier\trieral01,nyk,3551100.0,9384835.395415472,11534705.223300971,1st round pick,3551100.0
244,danuel house\houseda01,hou,3540000.0,3717000.0,3894000.0,mle,11151000.0
245,domantas sabonis\sabondo01,ind,3529555.0,17187500.0,18562500.0,1st round pick,80529555.0
246,mirza teletović\teletmi01,mil,3500000.0,3500000.0,11534705.223300971,1st round pick,7000000.0
247,boban marjanović\marjabo01,dal,3500000.0,3500000.0,11534705.223300971,bi-annual exception,7000000.0
248,t.j. mcconnell\mccontj01,ind,3500000.0,3500000.0,11534705.223300971,cap space,4500000.0
249,demarcus cousins\couside01,lal,3500000.0,9384835.395415472,11534705.223300971,1st round pick,3500000.0
250,taurean waller-prince\princta02,brk,3481986.0,13942308.0,15057692.0,1st round pick,32481986.0
251,dario šarić\saricda01,pho,3481986.0,9384835.395415472,11534705.223300971,1st round pick,3481986.0
252,romeo langford\langfro01,bos,3458400.0,3631200.0,3804360.0,1st round pick,7089600.0
253,bam adebayo\adebaba01,mia,3454080.0,5115492.0,11534705.223300971,1st round pick,8569572.0
254,kyle korver\korveky01,pho,3440000.0,9384835.395415472,11534705.223300971,1st round pick,3440000.0
255,michael porter\portemi01,den,3389400.0,3550800.0,5258735.0,1st round pick,6940200.0
256,denzel valentine\valende01,chi,3377569.0,9384835.395415472,11534705.223300971,1st round pick,3377569.0
257,juan hernangómez\hernaju01,min,3321030.0,9384835.395415472,11534705.223300971,1st round pick,3321030.0
258,sekou doumbouya\doumbse01,det,3285120.0,3449400.0,3613680.0,1st round pick,6734520.0
259,justin jackson\jacksju01,dal,3280920.0,5029650.0,11534705.223300971,1st round pick,8310570.0
260,troy brown\browntr01,was,3219480.0,3372840.0,5170564.0,1st round pick,6592320.0
261,jon leuer\leuerjo01,mil,3169348.0,3169348.0,3169347.0,1st round pick,9508043.0
262,yogi ferrell\ferreyo01,sac,3150000.0,9384835.395415472,11534705.223300971,cap space,3150000.0
263,guerschon yabusele\yabusgu01,bos,3117240.0,9384835.395415472,11534705.223300971,1st round pick,3117240.0
264,zhaire smith\smithzh01,phi,3058800.0,3204600.0,4915856.0,1st round pick,6263400.0
265,dwight howard\howardw01,mem,3039097.0,9384835.395415472,11534705.223300971,1st round pick,3039097.0
266,khem birch\birchkh01,orl,3000000.0,3000000.0,11534705.223300971,early bird rights,6000000.0
267,ryan arcidiacono\arcidry01,chi,3000000.0,3000000.0,3000000.0,cap space,6000000.0
268,quinn cook\cookqu01,lal,3000000.0,3000000.0,11534705.223300971,cap space,4000000.0
269,ömer aşık\asikom01,chi,3000000.0,9384835.395415472,11534705.223300971,1st round pick,3000000.0
270,nickeil alexander-walker\alexani01,nop,2964840.0,3113160.0,3261480.0,1st round pick,6078000.0
271,d.j. wilson\wilsodj01,mil,2961120.0,4548280.0,11534705.223300971,1st round pick,7509400.0
272,cedi osman\osmande01,cle,2907143.0,8750000.0,8050000.0,mle,27057143.0
273,donte divincenzo\divindo01,mil,2905800.0,3044160.0,4675830.0,1st round pick,5949960.0
274,bryn forbes\forbebr01,sas,2875000.0,9384835.395415472,11534705.223300971,early bird rights,2875000.0
275,andrew nicholson\nichoan01,por,2844429.0,2844429.0,2844429.0,1st round pick,14222145.0
276,goga bitadze\bitadgo01,ind,2816760.0,2957520.0,3098400.0,1st round pick,5774280.0
277,t.j. leaf\leaftj01,ind,2813280.0,4326825.0,11534705.223300971,1st round pick,7140105.0
278,lonnie walker\walkelo01,sas,2760480.0,2892000.0,4447896.0,1st round pick,5652480.0
279,alex caruso\carusal01,lal,2750000.0,2750000.0,11534705.223300971,room exception,5500000.0
280,malik beasley\beaslma01,min,2731714.0,9384835.395415472,11534705.223300971,1st round pick,2731714.0
281,luka šamanić\samanlu01,sas,2689920.0,2824320.0,2959080.0,1st round pick,5514240.0
282,john collins\collijo01,atl,2686560.0,4137302.0,11534705.223300971,1st round pick,6823862.0
283,kevin huerter\huertke01,atl,2636280.0,2761920.0,4253357.0,1st round pick,5398200.0
284,caris levert\leverca01,brk,2625718.0,16203704.0,17500000.0,1st round pick,55125718.0
285,marko guduric\gudurma01,mem,2625000.0,2750000.0,11534705.223300971,bi-annual exception,5375000.0
286,deandre' bembry\bembrde01,atl,2603982.0,9384835.395415472,11534705.223300971,1st round pick,2603982.0
287,matisse thybulle\thybuma01,phi,2582160.0,2711280.0,2840160.0,1st round pick,5293440.0
288,harry giles\gilesha01,sac,2578800.0,9384835.395415472,11534705.223300971,1st round pick,2578800.0
289,jeff green\greenje02,uta,2564753.0,9384835.395415472,11534705.223300971,1st round pick,2564753.0
290,pau gasol\gasolpa01,por,2564753.0,9384835.395415472,11534705.223300971,1st round pick,2564753.0
291,wesley matthews\matthwe02,mil,2564753.0,2692991.0,11534705.223300971,minimum salary,2564753.0
292,kyle korver\korveky01,mil,2564753.0,9384835.395415472,11534705.223300971,minimum salary,2564753.0
293,udonis haslem\hasleud01,mia,2564753.0,9384835.395415472,11534705.223300971,minimum salary,2564753.0
294,jared dudley\dudleja01,lal,2564753.0,9384835.395415472,11534705.223300971,minimum salary,2564753.0
295,rajon rondo\rondora01,lal,2564753.0,2619605.0,11534705.223300971,minimum salary,2564753.0
296,dwight howard\howardw01,lal,2564753.0,9384835.395415472,11534705.223300971,minimum salary,2564753.0
297,thabo sefolosha\sefolth01,hou,2564753.0,9384835.395415472,11534705.223300971,minimum salary,2564753.0
298,tyson chandler\chandty01,hou,2564753.0,9384835.395415472,11534705.223300971,minimum salary,2564753.0
299,gerald green\greenge01,den,2564753.0,9384835.395415472,11534705.223300971,1st round pick,2564753.0
300,j.j. barea\bareajo01,dal,2564753.0,9384835.395415472,11534705.223300971,minimum salary,2564753.0
301,wilson chandler\chandwi01,brk,2564753.0,9384835.395415472,11534705.223300971,minimum salary,2564753.0
302,nenê hilário\hilarne01,atl,2564753.0,9384835.395415472,11534705.223300971,1st round pick,2564753.0
303,vince carter\cartevi01,atl,2564753.0,9384835.395415472,11534705.223300971,minimum salary,2564753.0
304,josh okogie\okogijo01,min,2530680.0,2651040.0,4087904.0,1st round pick,5181720.0
305,vincent poirier\poirivi01,bos,2505793.0,2619207.0,11534705.223300971,minimum salary,5125000.0
306,rondae hollis-jefferson\holliro01,tor,2500000.0,9384835.395415472,11534705.223300971,mle,2500000.0
307,brandon clarke\clarkbr01,mem,2478840.0,2602920.0,2726880.0,1st round pick,5081760.0
308,terrance ferguson\fergute01,okc,2475840.0,3944013.0,11534705.223300971,1st round pick,6419853.0
309,grayson allen\allengr01,mem,2429400.0,2545320.0,4054695.0,1st round pick,4974720.0
310,anthony tolliver\tollian01,sac,2419852.0,9384835.395415472,11534705.223300971,1st round pick,2419852.0
311,grant williams\willigr01,bos,2379840.0,2498760.0,2617800.0,1st round pick,4878600.0
312,jarrett allen\allenja01,brk,2376840.0,3909902.0,11534705.223300971,1st round pick,6286742.0
313,pascal siakam\siakapa01,tor,2351839.0,29000000.0,31320000.0,1st round pick,132271839.0
314,skal labissière\labissk01,atl,2338847.0,9384835.395415472,11534705.223300971,1st round pick,2338847.0
315,chandler hutchison\hutchch01,chi,2332320.0,2443440.0,4019459.0,1st round pick,4775760.0
316,patrick patterson\pattepa01,lac,2331593.0,9384835.395415472,11534705.223300971,minimum salary,2331593.0
317,dejounte murray\murrade01,sas,2321735.0,14285714.0,15428571.0,1st round pick,66321735.0
318,alec burks\burksal01,phi,2320044.0,9384835.395415472,11534705.223300971,minimum salary,2320044.0
319,isaiah thomas\thomais02,lac,2320044.0,9384835.395415472,11534705.223300971,1st round pick,2320044.0
320,damian jones\jonesda03,atl,2305057.0,9384835.395415472,11534705.223300971,1st round pick,2305057.0
321,darius bazley\bazleda01,okc,2284800.0,2399160.0,2513040.0,1st round pick,4683960.0
322,og anunoby\anunoog01,tor,2281800.0,3872215.0,11534705.223300971,1st round pick,6154015.0
323,ante žižić\zizican01,cle,2281800.0,9384835.395415472,11534705.223300971,1st round pick,2281800.0
324,monta ellis\ellismo01,ind,2245400.0,2245400.0,2245400.0,1st round pick,6736200.0
325,markieff morris\morrima02,det,2241808.0,9384835.395415472,11534705.223300971,1st round pick,2241808.0
326,aaron holiday\holidaa01,ind,2239200.0,2345640.0,3980551.0,1st round pick,4584840.0
327,luke kornet\kornelu01,chi,2195122.0,2304878.0,11534705.223300971,room exception,4500000.0
328,ty jerome\jeromty01,pho,2193480.0,2303040.0,2412840.0,1st round pick,4496520.0
329,willie cauley-stein\caulewi01,dal,2177483.0,2286357.0,11534705.223300971,mle,2177483.0
330,austin rivers\riverau01,hou,2174318.0,2369663.0,11534705.223300971,minimum salary,2174318.0
331,carmelo anthony\anthoca01,por,2159029.0,9384835.395415472,11534705.223300971,minimum salary,2159029.0
332,anfernee simons\simonan01,por,2149560.0,2252040.0,3938818.0,1st round pick,4401600.0
333,matt barnes\barnema02,sac,2133541.0,9384835.395415472,11534705.223300971,1st round pick,2133541.0
334,nassir little\littlna01,por,2105520.0,2210640.0,2316240.0,1st round pick,4316160.0
335,torrey craig\craigto01,den,2100000.0,9384835.395415472,11534705.223300971,cap space,2100000.0
336,moritz wagner\wagnemo01,was,2063520.0,2161920.0,3893618.0,1st round pick,4225440.0
337,dylan windler\windldy01,cle,2035800.0,2137440.0,2239200.0,1st round pick,4173240.0
338,caleb swanigan\swanica01,por,2033160.0,9384835.395415472,11534705.223300971,1st round pick,2033160.0
339,trey burke\burketr01,phi,2028594.0,9384835.395415472,11534705.223300971,1st round pick,2028594.0
340,kyle o'quinn\oquinky01,phi,2028594.0,9384835.395415472,11534705.223300971,minimum salary,2028594.0
341,michael carter-williams\cartemi01,orl,2028594.0,9384835.395415472,11534705.223300971,minimum salary,2028594.0
342,mike muscala\muscami01,okc,2028594.0,2283034.0,11534705.223300971,minimum salary,2028594.0
343,nerlens noel\noelne01,okc,2028594.0,9384835.395415472,11534705.223300971,minimum salary,2028594.0
344,troy daniels\danietr01,lal,2028594.0,9384835.395415472,11534705.223300971,1st round pick,2028594.0
345,ben mclemore\mclembe01,hou,2028594.0,2283034.0,11534705.223300971,minimum salary,2028594.0
346,spencer hawes\hawessp01,mil,2007058.0,9384835.395415472,11534705.223300971,1st round pick,2007058.0
347,edmond sumner\sumneed01,ind,2000000.0,2160000.0,2320000.0,cap space,4160000.0
348,avery bradley\bradlav01,mem,2000000.0,9384835.395415472,11534705.223300971,1st round pick,2000000.0
349,noah vonleh\vonleno01,den,2000000.0,9384835.395415472,11534705.223300971,mle,2000000.0
350,landry shamet\shamela01,lac,1995120.0,2090040.0,3768342.0,1st round pick,4085160.0
351,mfiondu kabengele\kabenmf01,lac,1977000.0,2075880.0,2174880.0,1st round pick,4052880.0
352,kyle kuzma\kuzmaky01,lal,1974600.0,3562178.0,11534705.223300971,1st round pick,5536778.0
353,jordan poole\poolejo01,gsw,1964760.0,2063280.0,2161440.0,1st round pick,4028040.0
354,tony bradley\bradlto01,uta,1962360.0,3542060.0,11534705.223300971,1st round pick,5504420.0
355,keldon johnson\johnske04,sas,1950600.0,2048040.0,2145720.0,1st round pick,3998640.0
356,derrick white\whitede01,sas,1948080.0,3516284.0,11534705.223300971,1st round pick,5464364.0
357,robert williams\williro04,bos,1937520.0,2029920.0,3661976.0,1st round pick,3967440.0
358,josh hart\hartjo01,nop,1934160.0,3491159.0,11534705.223300971,1st round pick,5425319.0
359,jacob evans\evansja02,min,1925880.0,2017320.0,3641263.0,1st round pick,3943200.0
360,anderson varejão\varejan01,por,1913345.0,1913345.0,11534705.223300971,1st round pick,3826690.0
361,džanan musa\musadz01,brk,1911600.0,2002800.0,3615054.0,1st round pick,3914400.0
362,omari spellman\spellom01,min,1897800.0,1988280.0,3588845.0,1st round pick,3886080.0
363,shabazz napier\napiesh01,was,1882867.0,9384835.395415472,11534705.223300971,cap space,1882867.0
364,glenn robinson\robingl02,phi,1882867.0,2071978.0,11534705.223300971,minimum salary,1882867.0
365,james ennis\ennisja01,orl,1882867.0,2071978.0,11534705.223300971,minimum salary,1882867.0
366,tim frazier\fraziti01,det,1882867.0,9384835.395415472,11534705.223300971,1st round pick,1882867.0
367,larry sanders\sandela01,mil,1865547.0,1865547.0,1865547.0,1st round pick,5596641.0
368,bruno caboclo\cabocbr01,hou,1845301.0,9384835.395415472,11534705.223300971,minimum salary,1845301.0
369,markieff morris\morrima02,lal,1750000.0,9384835.395415472,11534705.223300971,dpe,1750000.0
370,mario hezonja\hezonma01,por,1737145.0,1882867.0,11534705.223300971,minimum salary,3620012.0
371,emmanuel mudiay\mudiaem01,uta,1737145.0,9384835.395415472,11534705.223300971,minimum salary,1737145.0
372,raul neto\netora01,phi,1737145.0,9384835.395415472,11534705.223300971,minimum salary,1737145.0
373,jakarr sampson\sampsja02,ind,1737145.0,9384835.395415472,11534705.223300971,minimum salary,1737145.0
374,pat connaughton\connapa01,mil,1723050.0,9384835.395415472,11534705.223300971,mle,1723050.0
375,jahlil okafor\okafoja01,nop,1702486.0,9384835.395415472,11534705.223300971,minimum salary,1702486.0
376,rodions kurucs\kurucro01,brk,1699236.0,1780152.0,1861068.0,cap space,3479388.0
377,jonah bolden\boldejo01,phi,1698450.0,9384835.395415472,11534705.223300971,1st round pick,1698450.0
378,georges niang\niangge01,uta,1678854.0,1783557.0,11534705.223300971,non-bird exception,1678854.0
379,cheick diallo\diallch01,pho,1678854.0,1824003.0,11534705.223300971,minimum salary,1678854.0
380,dragan bender\bendedr01,mil,1678854.0,9384835.395415472,11534705.223300971,1st round pick,1678854.0
381,david nwaba\nwabada01,brk,1678854.0,9384835.395415472,11534705.223300971,1st round pick,1678854.0
382,treveon graham\grahatr01,atl,1678854.0,9384835.395415472,11534705.223300971,minimum salary,1678854.0
383,willy hernangómez\hernawi01,cho,1676735.0,9384835.395415472,11534705.223300971,cap space,1676735.0
384,derrick jones\jonesde02,mia,1645357.0,9384835.395415472,11534705.223300971,minimum salary,1645357.0
385,jordan mcrae\mcraejo01,det,1645357.0,9384835.395415472,11534705.223300971,minimum salary,1645357.0
386,christian wood\woodch01,det,1645357.0,9384835.395415472,11534705.223300971,minimum salary,1645357.0
387,furkan korkmaz\korkmfu01,phi,1620564.0,1762796.0,11534705.223300971,minimum salary,1620564.0
388,jordan bell\belljo01,mem,1620564.0,9384835.395415472,11534705.223300971,1st round pick,1620564.0
389,justin patton\pattoju01,dal,1620564.0,9384835.395415472,11534705.223300971,1st round pick,1620564.0
390,royce o'neale\onealro01,uta,1618520.0,8035714.0,8678571.0,cap space,37618520.0
391,dillon brooks\brookdi01,mem,1618520.0,11400000.0,12200000.0,mle,36618520.0
392,wesley iwundu\iwundwe01,orl,1618520.0,9384835.395415472,11534705.223300971,cap space,1618520.0
393,abdel nader\naderab01,okc,1618520.0,1752950.0,11534705.223300971,cap space,1618520.0
394,damyean dotson\dotsoda01,nyk,1618520.0,9384835.395415472,11534705.223300971,minimum salary,1618520.0
395,frank jackson\jacksfr01,nop,1618520.0,9384835.395415472,11534705.223300971,mle,1618520.0
396,sterling brown\brownst02,mil,1618520.0,9384835.395415472,11534705.223300971,mle,1618520.0
397,dwayne bacon\bacondw01,cho,1618520.0,9384835.395415472,11534705.223300971,mle,1618520.0
398,semi ojeleye\ojelese01,bos,1618520.0,1752950.0,11534705.223300971,cap space,1618520.0
399,chris boucher\bouchch01,tor,1588231.0,9384835.395415472,11534705.223300971,minimum salary,1588231.0
400,malcolm miller\millema01,tor,1588231.0,9384835.395415472,11534705.223300971,minimum salary,1588231.0
401,monte morris\morrimo01,den,1588231.0,1663861.0,11534705.223300971,minimum salary,1588231.0
402,mitchell robinson\robinmi01,nyk,1559712.0,1663861.0,1802057.0,mle,1559712.0
403,vlatko čančar\cancavl01,den,1517981.0,898310.0,1782621.0,mle,2416291.0
404,isaiah roby\robyis01,okc,1500000.0,1517981.0,1782621.0,mle,3017981.0
405,nigel williams-goss\willini01,uta,1500000.0,1517981.0,1782621.0,cap space,1500000.0
406,j.r. smith\smithjr01,cle,1456667.0,1456667.0,1456666.0,1st round pick,4370000.0
407,shake milton\miltosh01,phi,1445697.0,1701593.0,1846738.0,cap space,4994028.0
408,thanasis antetokounmpo\antetth01,mil,1445697.0,1701593.0,11534705.223300971,minimum salary,3147290.0
409,amile jefferson\jeffeam01,orl,1445697.0,9384835.395415472,11534705.223300971,1st round pick,1445697.0
410,theo pinson\pinsoth01,nyk,1445697.0,1701593.0,11534705.223300971,minimum salary,1445697.0
411,brad wanamaker\wanambr01,bos,1445697.0,9384835.395415472,11534705.223300971,minimum salary,1445697.0
412,derrick walton\waltode01,atl,1445697.0,9384835.395415472,11534705.223300971,1st round pick,1445697.0
413,ryan broekhoff\broekry01,dal,1443842.0,9384835.395415472,11534705.223300971,1st round pick,1443842.0
414,gary trent\trentga02,por,1416852.0,1663861.0,11534705.223300971,mle,3080713.0
415,isaac bonga\bongais01,was,1416852.0,1663861.0,11534705.223300971,cap space,1416852.0
416,chimezie metu\metuch01,sas,1416852.0,1663861.0,11534705.223300971,mle,1416852.0
417,jevon carter\carteje01,pho,1416852.0,9384835.395415472,11534705.223300971,minimum salary,1416852.0
418,elie okobo\okoboel01,pho,1416852.0,1663861.0,1802057.0,cap space,1416852.0
419,melvin frazier\frazime01,orl,1416852.0,1663861.0,11534705.223300971,mle,1416852.0
420,deonte burton\burtode02,okc,1416852.0,1663861.0,11534705.223300971,minimum salary,1416852.0
421,hamidou diallo\diallha01,okc,1416852.0,1663861.0,11534705.223300971,mle,1416852.0
422,kenrich williams\willike04,nop,1416852.0,9384835.395415472,11534705.223300971,minimum salary,1416852.0
423,jarred vanderbilt\vandeja01,min,1416852.0,1663861.0,11534705.223300971,cap space,1416852.0
424,duncan robinson\robindu01,mia,1416852.0,1663861.0,11534705.223300971,mle,1416852.0
425,kendrick nunn\nunnke01,mia,1416852.0,1663861.0,11534705.223300971,minimum salary,1416852.0
426,de'anthony melton\meltode01,mem,1416852.0,9384835.395415472,11534705.223300971,cap space,1416852.0
427,alize johnson\johnsal02,ind,1416852.0,9384835.395415472,11534705.223300971,minimum salary,1416852.0
428,isaiah hartenstein\harteis01,hou,1416852.0,9384835.395415472,11534705.223300971,1st round pick,1416852.0
429,sviatoslav mykhailiuk\mykhasv01,det,1416852.0,1663861.0,11534705.223300971,cap space,1416852.0
430,bruce brown\brownbr01,det,1416852.0,1663861.0,11534705.223300971,mle,1416852.0
431,keita bates-diop\bateske01,den,1416852.0,1663861.0,11534705.223300971,mle,1416852.0
432,devonte' graham\grahade01,cho,1416852.0,1663861.0,11534705.223300971,mle,1416852.0
433,jalen brunson\brunsja01,dal,1416582.0,1663861.0,1802057.0,cap space,3080443.0
434,bruno fernando\fernabr01,atl,1400000.0,1517981.0,1782621.0,cap space,4700602.0
435,jaylen nowell\nowelja01,min,1400000.0,1517981.0,1782621.0,mle,1400000.0
436,alfonzo mckinnie\mckinal01,cle,1361046.0,1762796.0,1910860.0,mle,2253031.0
437,kevin porter\porteke02,cle,1290960.0,2033160.0,2130240.0,1st round pick,3324120.0
438,carsen edwards\edwarca01,bos,1228026.0,1517981.0,1782621.0,cap space,4528628.0
439,cody martin\martico01,cho,1173310.0,1517981.0,1782621.0,mle,4473912.0
440,gary payton\paytoga02,was,1090781.0,9384835.395415472,11534705.223300971,minimum salary,1090781.0
441,george hill\hillge01,mil,1000000.0,9384835.395415472,11534705.223300971,1st round pick,21000000.0
442,terance mann\mannte01,lac,1000000.0,1517984.0,1782621.0,minimum salary,2517984.0
443,jonathon simmons\simmojo02,was,1000000.0,9384835.395415472,11534705.223300971,1st round pick,1000000.0
444,justin hamilton\hamilju01,tor,1000000.0,9384835.395415472,11534705.223300971,1st round pick,1000000.0
445,kyle singler\singlky01,okc,999200.0,999200.0,999200.0,1st round pick,3996800.0
446,marvin williams\willima02,mil,956349.0,9384835.395415472,11534705.223300971,minimum salary,956349.0
447,david nwaba\nwabada01,hou,903111.0,1862250.0,11534705.223300971,mle,903111.0
448,admiral schofield\schofad01,was,898310.0,1517981.0,1782621.0,mle,4198912.0
449,kz okpala\okpalkz01,mia,898310.0,1517981.0,1782621.0,mle,4198912.0
450,eric paschall\pascher01,gsw,898310.0,1517981.0,1782621.0,mle,4198912.0
451,nicolas claxton\claxtni01,brk,898310.0,1517981.0,1782621.0,minimum salary,4198912.0
452,justin james\jamesju01,sac,898310.0,1517981.0,1782621.0,minimum salary,2416291.0
453,jalen lecque\lecquja01,pho,898310.0,1517981.0,1782621.0,cap space,2416291.0
454,ignas brazdeikis\brazdig01,nyk,898310.0,1517981.0,1782621.0,minimum salary,2416291.0
455,talen horton-tucker\hortota01,lal,898310.0,1517981.0,11534705.223300971,minimum salary,2416291.0
456,daniel gafford\gaffoda01,chi,898310.0,1517981.0,1782621.0,minimum salary,2416291.0
457,alen smailagić\smailal01,gsw,898310.0,1517981.0,1782621.0,mle,2415891.0
458,matt thomas\thomama02,tor,898310.0,1517981.0,1782621.0,mle,1623310.0
459,miye oni\onimi01,uta,898310.0,1517981.0,1782621.0,minimum salary,898310.0
460,dewan hernandez\hernade01,tor,898310.0,1517981.0,1782621.0,mle,898310.0
461,terence davis\daviste02,tor,898310.0,1517981.0,11534705.223300971,minimum salary,898310.0
462,wenyen gabriel\gabriwe01,por,898310.0,9384835.395415472,11534705.223300971,minimum salary,898310.0
463,naz reid\reidna01,min,898310.0,1517981.0,1782621.0,mle,898310.0
464,jalen mcdaniels\mcdanja01,cho,898310.0,1517981.0,1782621.0,minimum salary,898310.0
465,caleb martin\martica02,cho,898310.0,1517981.0,1782621.0,minimum salary,898310.0
466,shaquille harrison\harrish01,chi,898310.0,9384835.395415472,11534705.223300971,minimum salary,898310.0
467,javonte green\greenja02,bos,898310.0,1517981.0,11534705.223300971,minimum salary,898310.0
468,damion lee\leeda03,gsw,842327.0,1762796.0,1910860.0,mle,1442327.0
469,khyri thomas\thomakh01,det,838464.0,1663861.0,11534705.223300971,mle,838464.0
470,demarre carroll\carrode01,hou,811447.0,9384835.395415472,11534705.223300971,minimum salary,811447.0
471,michael kidd-gilchrist\kiddgmi01,dal,810763.0,9384835.395415472,11534705.223300971,minimum salary,810763.0
472,marquese chriss\chrisma01,gsw,758804.0,9384835.395415472,11534705.223300971,1st round pick,2213272.0
473,juwan morgan\morgaju01,uta,746054.0,9384835.395415472,11534705.223300971,minimum salary,746054.0
474,patrick patterson\pattepa01,okc,737067.0,737067.0,737066.0,1st round pick,2211200.0
475,reggie jackson\jacksre01,lac,734025.0,9384835.395415472,11534705.223300971,minimum salary,734025.0
476,alfonzo mckinnie\mckinal01,cle,708871.0,9384835.395415472,11534705.223300971,1st round pick,2253031.0
477,gary clark\clarkga01,hou,708426.0,9384835.395415472,11534705.223300971,1st round pick,708426.0
478,jeff green\greenje02,hou,695526.0,9384835.395415472,11534705.223300971,minimum salary,840427.0
479,cole aldrich\aldrico01,min,685340.0,685340.0,11534705.223300971,1st round pick,1370680.0
480,shaun livingston\livinsh01,gsw,666667.0,666667.0,666666.0,1st round pick,2666666.0
481,marquese chriss\chrisma01,gsw,654468.0,1824003.0,11534705.223300971,minimum salary,2213272.0
482,timothé luwawu-cabarrot\luwawti01,brk,654468.0,1824003.0,11534705.223300971,minimum salary,844170.0
483,rayjon tucker\tuckera01,uta,578573.0,1517981.0,11534705.223300971,minimum salary,578574.0
484,chris clemons\clemoch01,hou,568422.0,1517981.0,1782621.0,mle,568422.0
485,gary clark\clarkga01,orl,555409.0,9384835.395415472,11534705.223300971,minimum salary,718765.0
486,brandon goodwin\goodwbr01,atl,522738.0,1701593.0,11534705.223300971,minimum salary,522738.0
487,dion waiters\waitedi01,lal,503656.0,9384835.395415472,11534705.223300971,minimum salary,503656.0
488,ryan anderson\anderry01,hou,500000.0,9384835.395415472,11534705.223300971,1st round pick,500000.0
489,anžejs pasečņiks\pasecan01,was,482144.0,9384835.395415472,11534705.223300971,minimum salary,482144.0
490,troy daniels\danietr01,den,481000.0,9384835.395415472,11534705.223300971,minimum salary,481000.0
491,chris silva\silvach01,mia,466918.0,1517981.0,1782621.0,mle,1984899.0
492,dakari johnson\johnsda04,mem,459414.0,459414.0,11534705.223300971,1st round pick,918828.0
493,iman shumpert\shumpim01,brk,419443.0,9384835.395415472,11534705.223300971,1st round pick,419443.0
494,max strus\strusma01,bos,415414.0,9384835.395415472,11534705.223300971,1st round pick,415414.0
495,justin robinson\robinju01,was,395866.0,9384835.395415472,11534705.223300971,1st round pick,395866.0
496,dean wade\wadede01,cle,375000.0,1517981.0,1782621.0,mle,375000.0
497,ivan rabb\rabbiv01,mem,371758.0,9384835.395415472,11534705.223300971,1st round pick,371758.0
498,norvel pelle\pelleno01,phi,350189.0,9384835.395415472,11534705.223300971,minimum salary,350189.0
499,ky bowman\bowmaky01,gsw,350189.0,1517981.0,1782621.0,mle,350189.0
500,juan toscano-anderson\toscaju01,gsw,350189.0,1517981.0,1782621.0,mle,350189.0
501,a.j. hammons\hammoaj01,mia,350087.0,350087.0,11534705.223300971,1st round pick,700174.0
502,festus ezeli\ezelife01,por,333333.0,9384835.395415472,11534705.223300971,1st round pick,333333.0
503,c.j. watson\watsocj01,orl,333333.0,9384835.395415472,11534705.223300971,1st round pick,333333.0
504,anthony tolliver\tollian01,mem,289803.0,9384835.395415472,11534705.223300971,minimum salary,434704.0
505,joakim noah\noahjo01,lac,289803.0,1737274.0,11534705.223300971,minimum salary,434704.0
506,corey brewer\breweco01,sac,289803.0,9384835.395415472,11534705.223300971,minimum salary,289803.0
507,j.r. smith\smithjr01,lal,289803.0,9384835.395415472,11534705.223300971,minimum salary,289803.0
508,luc mbah a moute\mbahalu01,hou,289803.0,9384835.395415472,11534705.223300971,minimum salary,289803.0
509,jamal crawford\crawfja01,brk,289803.0,9384835.395415472,11534705.223300971,minimum salary,289803.0
510,lance thomas\thomala01,brk,262152.0,9384835.395415472,11534705.223300971,minimum salary,262152.0
511,stanton kidd\kiddst01,uta,250000.0,9384835.395415472,11534705.223300971,1st round pick,250000.0
512,jordan bell\belljo01,cle,250000.0,9384835.395415472,11534705.223300971,mle,250000.0
513,tyler zeller\zellety01,sas,245686.0,2436046.0,11534705.223300971,minimum salary,245686.0
514,trey burke\burketr01,dal,229220.0,9384835.395415472,11534705.223300971,minimum salary,229220.0
515,joe johnson\johnsjo02,det,220000.0,9384835.395415472,11534705.223300971,1st round pick,220000.0
516,tyler johnson\johnsty01,brk,212753.0,9384835.395415472,11534705.223300971,minimum salary,212753.0
517,jemerrio jones\jonesje01,was,199000.0,9384835.395415472,11534705.223300971,1st round pick,199000.0
518,jontay porter\portejo01,mem,197933.0,1517981.0,11534705.223300971,minimum salary,197933.0
519,justin anderson\anderju01,brk,196288.0,9384835.395415472,11534705.223300971,minimum salary,294432.0
520,jerian grant\grantje02,was,196288.0,9384835.395415472,11534705.223300971,minimum salary,196288.0
521,cameron payne\payneca01,pho,196288.0,1977011.0,11534705.223300971,minimum salary,196288.0
522,timothé luwawu-cabarrot\luwawti01,brk,189702.0,9384835.395415472,11534705.223300971,1st round pick,844170.0
523,dragan bender\bendedr01,gsw,189702.0,9384835.395415472,11534705.223300971,1st round pick,189702.0
524,mychal mulder\muldemy01,gsw,187782.0,1517981.0,1782621.0,minimum salary,238534.0
525,sindarius thornwell\thornsi01,nop,183115.0,9384835.395415472,11534705.223300971,minimum salary,183115.0
526,justin patton\pattoju01,det,183115.0,1762796.0,11534705.223300971,minimum salary,183115.0
527,pj dozier\doziepj01,den,183115.0,9384835.395415472,11534705.223300971,mle,183115.0
528,alfonzo mckinnie\mckinal01,cle,183114.0,9384835.395415472,11534705.223300971,1st round pick,2253031.0
529,gary clark\clarkga01,orl,163356.0,9384835.395415472,11534705.223300971,1st round pick,718765.0
530,jarrod uthoff\uthofja01,was,163356.0,9384835.395415472,11534705.223300971,minimum salary,163356.0
531,jaylen adams\adamsja01,por,163356.0,9384835.395415472,11534705.223300971,minimum salary,163356.0
532,joe chealey\chealjo01,cho,163356.0,9384835.395415472,11534705.223300971,1st round pick,163356.0
533,luguentz dort\dortlu01,okc,155647.0,1517981.0,1782621.0,minimum salary,2298628.0
534,cameron payne\payneca01,tor,150000.0,9384835.395415472,11534705.223300971,1st round pick,150000.0
535,jeff green\greenje02,hou,144901.0,9384835.395415472,11534705.223300971,1st round pick,840427.0
536,anthony tolliver\tollian01,mem,144901.0,9384835.395415472,11534705.223300971,1st round pick,434704.0
537,joakim noah\noahjo01,lac,144901.0,9384835.395415472,11534705.223300971,1st round pick,434704.0
538,troy williams\willitr02,hou,122741.0,122741.0,122741.0,1st round pick,490964.0
539,johnathan williams\willijo04,was,106181.0,9384835.395415472,11534705.223300971,1st round pick,106181.0
540,tyler cook\cookty01,cle,101504.0,9384835.395415472,11534705.223300971,1st round pick,151504.0
541,donta hall\halldo01,det,101504.0,9384835.395415472,11534705.223300971,1st round pick,101504.0
542,donta hall\halldo01,brk,101504.0,9384835.395415472,11534705.223300971,minimum salary,101504.0
543,yante maten\matenya01,mia,100000.0,9384835.395415472,11534705.223300971,1st round pick,100000.0
544,jaylen adams\adamsja01,atl,100000.0,9384835.395415472,11534705.223300971,1st round pick,100000.0
545,justin anderson\anderju01,brk,98144.0,9384835.395415472,11534705.223300971,1st round pick,294432.0
546,demetrius jackson\jacksde01,bos,92857.0,92857.0,92857.0,1st round pick,464285.0
547,chasson randle\randlch01,gsw,91557.0,9384835.395415472,11534705.223300971,1st round pick,91557.0
548,jeremy pargo\pargoje01,gsw,91557.0,9384835.395415472,11534705.223300971,1st round pick,91557.0
549,jonah bolden\boldejo01,pho,81678.0,9384835.395415472,11534705.223300971,1st round pick,81678.0
550,josh magette\magetjo01,orl,81678.0,9384835.395415472,11534705.223300971,1st round pick,81678.0
551,jarrod uthoff\uthofja01,mem,81678.0,9384835.395415472,11534705.223300971,1st round pick,81678.0
552,dusty hannahs\hannadu01,mem,81678.0,9384835.395415472,11534705.223300971,1st round pick,81678.0
553,derrick walton\waltode01,det,81678.0,9384835.395415472,11534705.223300971,1st round pick,81678.0
554,sheldon mac\mcclesh01,cle,81678.0,9384835.395415472,11534705.223300971,1st round pick,81678.0
555,j.p. macura\macurjp01,cle,81678.0,9384835.395415472,11534705.223300971,1st round pick,81678.0
556,mychal mulder\muldemy01,gsw,50752.0,9384835.395415472,11534705.223300971,1st round pick,238534.0
557,eric mika\mikaer01,sac,50752.0,9384835.395415472,11534705.223300971,1st round pick,50752.0
558,zach norvell\norveza01,gsw,50752.0,9384835.395415472,11534705.223300971,1st round pick,50752.0
559,malik newman\newmama01,cle,50752.0,9384835.395415472,11534705.223300971,1st round pick,50752.0
560,marques bolden\boldema01,cle,50752.0,9384835.395415472,11534705.223300971,1st round pick,50752.0
561,sir'dominic pointer\pointsi01,cle,50752.0,9384835.395415472,11534705.223300971,1st round pick,50752.0
562,paul watson\watsopa01,atl,50752.0,9384835.395415472,11534705.223300971,1st round pick,50752.0
563,tyler cook\cookty01,cle,50000.0,9384835.395415472,11534705.223300971,1st round pick,151504.0
564,william howard\howarwi01,uta,50000.0,9384835.395415472,11534705.223300971,1st round pick,50000.0
565,isaiah taylor\taylois01,tor,50000.0,9384835.395415472,11534705.223300971,1st round pick,50000.0
566,tyler lydon\lydonty01,sac,50000.0,9384835.395415472,11534705.223300971,1st round pick,50000.0
567,hollis thompson\thompho01,sac,50000.0,9384835.395415472,11534705.223300971,1st round pick,50000.0
568,tyler ulis\ulisty01,sac,50000.0,9384835.395415472,11534705.223300971,1st round pick,50000.0
